ID,Type,CISD1,HSBP1,PGD,GSS,GCLM,PEBP1,CS
GSM1539119_con,Normal,8.795816,8.706207,10.501995,7.314575,7.269242,8.38594,8.562655
GSM1539120_con,Normal,8.699967,9.035012,10.235847,7.127705,7.232673,8.533798,8.610914
GSM1539121_con,Normal,8.325783,8.747281,9.971817,7.505986,7.348975,7.968376,8.584417
GSM1539122_con,Normal,8.626391,8.784318,10.328776,7.253972,7.24741,7.980878,8.542854
GSM1539123_con,Normal,8.650741,9.005201,10.129801,7.270759,7.216582,7.850519,8.743702
GSM1539124_con,Normal,7.969329,8.735718,10.893599,7.259012,7.319545,8.248356,8.479329
GSM1539125_con,Normal,8.484436,8.87849,10.401653,7.322138,7.462246,8.052308,8.774562
GSM1539126_con,Normal,8.272652,8.981931,10.675192,7.250101,7.56876,7.887925,8.537875
GSM1539127_con,Normal,8.324743,8.62582,10.841481,7.32603,7.22908,8.336174,8.663892
GSM1539128_con,Normal,8.477405,8.645279,10.809503,7.174556,7.19571,8.222111,8.458698
GSM1539129_con,Normal,8.413184,9.035012,10.51993,7.33829,7.312664,8.045063,8.8094
GSM1539130_con,Normal,8.223347,8.659995,10.922535,7.153443,7.339284,8.036294,8.429102
GSM1539131_con,Normal,8.218161,9.018006,11.021147,7.499686,7.404154,7.683781,9.006867
GSM1539132_con,Normal,8.820404,9.095743,10.167902,7.394677,7.384183,8.012891,8.56574
GSM1539133_con,Normal,8.522297,8.902828,10.553095,7.426772,7.435221,7.848176,8.699556
GSM1539134_con,Normal,8.523645,8.781873,10.116838,7.261322,7.275574,8.468909,8.585451
GSM1539135_con,Normal,8.939007,9.310204,10.516291,7.498025,7.308253,7.999762,8.670083
GSM1539136_con,Normal,8.46733,8.982929,10.917823,7.298765,7.444004,7.94699,8.672371
GSM1539137_con,Normal,8.474919,9.179314,10.316996,7.599958,7.572498,7.64011,8.58286
GSM1539138_con,Normal,8.077258,8.533412,10.81412,7.455344,7.222531,8.390296,8.83265
GSM1539139_con,Normal,8.290714,9.251203,10.411171,7.427792,7.30144,7.970602,8.468227
GSM1539140_con,Normal,8.660896,9.006137,10.331877,7.123655,7.349152,8.265791,8.526335
GSM1539141_con,Normal,8.102353,8.640226,10.477404,7.199486,7.398446,8.380891,8.391038
GSM1539142_con,Normal,8.403687,8.783496,10.53817,7.431548,7.222954,8.121168,8.619219
GSM1539143_con,Normal,8.216652,8.949724,10.495007,7.283601,7.196882,7.871274,8.842422
GSM1539144_con,Normal,7.934709,8.867045,10.411171,7.280812,7.302563,8.254655,8.619766
GSM1539145_con,Normal,8.055891,8.568024,10.36995,7.421683,7.148654,8.303659,8.846869
GSM1539146_con,Normal,8.329521,8.602918,10.111506,7.233502,7.353685,8.487373,8.566241
GSM1539147_con,Normal,8.11077,8.823404,10.723907,7.506545,7.468344,7.68901,8.758306
GSM1539148_con,Normal,7.831894,8.32263,10.796025,7.288093,7.229802,8.280246,8.850739
GSM1539149_con,Normal,8.127846,8.720492,10.687043,7.577351,7.218071,8.033127,8.764282
GSM1539150_con,Normal,7.924507,8.446923,10.659569,7.376176,7.190674,8.254336,8.797089
GSM1539151_con,Normal,8.083258,8.43987,10.643384,7.279598,7.29867,8.2498,8.618204
GSM1539152_con,Normal,7.992796,8.494121,10.46388,7.286807,7.244517,8.118915,8.624146
GSM1539153_con,Normal,7.843923,9.006137,11.071314,7.406006,7.28471,7.7152,8.755851
GSM1539154_con,Normal,7.705353,8.61974,11.344153,7.25729,7.383234,7.977696,8.519668
GSM1539155_con,Normal,8.350234,8.615625,10.769603,7.53833,7.296889,8.551825,8.743702
GSM1539156_con,Normal,8.270694,8.248981,10.728177,7.401971,7.345862,8.865046,8.730353
GSM1539157_con,Normal,8.090622,8.610359,10.267391,7.48879,7.385111,8.390296,8.563172
GSM1539158_con,Normal,7.940901,8.620422,10.723907,7.301255,7.288289,7.790369,8.847485
GSM1539159_con,Normal,8.319994,8.350339,10.296573,7.423974,7.301276,8.243787,8.690409
GSM1539160_con,Normal,8.59341,8.796365,10.553095,7.270562,7.285667,8.159745,8.733252
GSM1539161_con,Normal,8.56193,8.959007,10.579431,7.237409,7.299467,8.024814,8.436081
GSM1539162_con,Normal,8.530869,9.126551,10.498606,7.242165,7.141686,7.892211,8.598186
GSM1539163_con,Normal,8.622188,9.336278,10.530914,7.400324,7.287042,7.763523,8.799567
GSM1539164_con,Normal,8.594812,9.031042,10.957142,7.405029,7.214232,7.757302,9.015072
GSM1539165_con,Normal,8.517731,8.860183,10.57565,7.479313,7.393423,7.920807,8.697802
GSM1539166_con,Normal,8.551862,8.905568,10.553095,7.324974,7.32627,7.966436,8.635971
GSM1539167_con,Normal,7.923811,8.592156,11.037605,7.44862,7.347075,7.967524,8.649057
GSM1539168_con,Normal,8.217148,8.810248,10.229941,7.34297,7.269393,8.381566,8.61266
GSM1539169_con,Normal,8.440599,9.020007,10.44068,7.472974,7.276338,8.063968,8.730931
GSM1539170_con,Normal,8.401958,8.848449,10.305015,7.363811,7.465409,7.953923,8.827596
GSM1539171_con,Normal,7.885505,8.379938,10.942106,7.553409,7.332552,8.200415,8.979525
GSM1539172_con,Normal,7.997987,8.211603,11.148797,7.275796,7.201662,8.555562,8.6645
GSM1539173_con,Normal,8.010799,8.661427,10.659569,7.195811,7.19715,8.237913,8.610368
GSM1539174_con,Normal,8.052568,8.493506,10.553095,7.219618,7.137816,8.29031,8.63648
GSM1539175_con,Normal,8.392557,8.492849,10.14332,7.085034,7.481893,8.465505,8.577535
GSM1539176_con,Normal,8.104519,8.646627,10.325973,7.381352,7.169217,8.478883,8.614282
GSM1539177_con,Normal,8.526204,8.769943,10.114301,7.226296,7.361925,8.161603,8.623601
GSM1539178_con,Normal,8.044288,8.631333,10.453713,7.165889,7.267558,8.663346,8.357902
GSM1539179_con,Normal,7.618864,8.510907,10.827732,7.298765,7.261285,7.9696,8.700138
GSM1539180_con,Normal,7.820356,8.582898,11.054571,7.511291,7.047171,7.870376,8.980929
GSM1539181_con,Normal,8.123333,8.566168,10.740661,7.078706,7.218363,8.142718,8.469192
GSM1539182_con,Normal,8.118955,8.638898,10.25292,7.223303,7.148888,8.326387,8.567271
GSM1539183_con,Normal,8.276322,8.639559,10.447076,7.214381,7.241484,8.591143,8.463432
GSM1539184_con,Normal,7.949309,8.464322,10.57565,7.263467,7.098038,8.320766,8.648498
GSM1539185_con,Normal,8.030566,8.777122,10.957142,7.499953,7.368346,7.864478,8.783718
GSM1539331_con,Normal,8.182264,9.059293,10.392166,7.227989,7.410562,7.799457,9.055325
GSM1539332_con,Normal,8.458437,9.349752,10.609198,7.532716,7.384183,7.369664,8.792226
GSM1539333_con,Normal,8.438097,8.865352,10.516291,7.194198,7.198496,7.903698,8.564206
GSM1539334_con,Normal,7.997177,8.299963,11.083133,7.270361,7.354174,8.471581,8.726794
GSM1539335_con,Normal,7.76219,8.271373,10.983223,7.278607,7.221853,7.943179,8.726199
GSM1539336_con,Normal,8.436885,8.80692,10.127112,7.27277,7.218363,8.333485,8.606086
GSM1539337_con,Normal,8.034728,8.713662,10.740661,7.406245,7.283462,8.315841,8.854611
GSM1539338_con,Normal,8.258545,8.970607,10.385615,7.195265,7.192917,8.094402,8.522752
GSM1539339_con,Normal,8.164524,8.705481,10.827732,7.383922,7.206617,8.044827,8.587584
GSM1539340_con,Normal,8.068829,8.760361,10.624383,7.372968,7.240471,7.877719,8.783117
GSM1539341_con,Normal,8.346896,8.62582,10.344457,7.160653,7.126895,8.222111,8.606086
GSM1539342_con,Normal,8.536168,8.640226,9.980811,7.190917,7.243234,8.389936,8.58286
GSM1539343_con,Normal,8.572081,8.89319,10.090011,7.314977,7.143314,8.394892,8.448317
GSM1539344_con,Normal,8.71467,8.60359,10.232871,7.193691,7.241193,8.771208,8.570321
GSM1539345_con,Normal,8.452772,8.634734,10.474121,7.233699,7.058092,8.607504,8.769073
GSM1539346_con,Normal,8.057583,8.611062,10.53817,7.399077,7.265755,8.453536,8.775201
GSM1539347_con,Normal,8.414339,8.567403,10.212992,7.253972,7.064775,8.629702,8.689312
GSM1539348_con,Normal,8.84449,8.851689,10.111506,7.339624,7.320537,8.389936,8.559643
GSM1539349_con,Normal,7.952338,8.671733,10.841481,7.358774,7.312664,8.418596,8.722097
GSM1539350_con,Normal,8.22675,8.497233,10.736597,7.479577,7.312493,8.485056,8.580234
GSM1539351_con,Normal,8.089745,8.837592,10.893599,7.448873,7.174997,7.9028,8.837214
GSM1539352_con,Normal,8.154377,8.846817,10.353782,7.332365,7.299142,7.869861,8.617101
GSM1539353_con,Normal,8.2033,8.645971,10.744907,7.4896,7.375419,7.961512,8.81192
GSM1539354_con,Normal,8.24551,8.855033,10.748938,7.48523,7.30144,7.841447,8.769073
GSM1539355_con,Normal,8.208594,8.617,11.329625,7.286214,7.281454,8.170655,8.958657
GSM1539356_con,Normal,7.988064,8.558966,10.903587,7.546762,7.417721,7.8512,8.920239
GSM1539357_con,Normal,8.15761,8.867963,10.651336,7.511831,7.340142,7.652606,8.793389
GSM1539358_con,Normal,8.575572,9.05626,10.156949,7.47272,7.312341,8.025719,8.738988
GSM1539359_con,Normal,8.070961,8.748771,10.800478,7.407461,7.224277,7.947792,8.690409
GSM1539360_con,Normal,8.018056,8.700353,11.393906,7.343619,7.406586,7.87581,8.684388
GSM1539361_con,Normal,8.057161,8.39947,10.57565,7.408936,7.286588,8.137257,8.843664
GSM1539362_con,Normal,8.56193,8.929678,10.276268,7.333251,7.107965,8.14037,8.652357
GSM1539363_con,Normal,8.579045,8.68947,10.116838,7.364273,7.378271,8.141954,8.694977
GSM1539364_con,Normal,7.914691,8.758803,10.869951,7.372265,7.462877,7.993532,8.730353
GSM1539365_con,Normal,8.640404,9.402732,10.659569,7.301255,7.338236,7.705549,8.370358
GSM1539366_con,Normal,8.373495,8.902828,10.841481,7.232238,7.215203,7.899825,8.647372
GSM1539367_con,Normal,8.162241,8.831795,10.691192,7.280605,7.319194,7.886148,8.710006
GSM1539439_con,Normal,8.454595,8.74996,10.541753,7.535683,7.275015,8.077569,8.742624
GSM1539440_con,Normal,8.032111,9.01563,11.283834,7.300424,7.457785,7.778599,8.446954
GSM1539441_con,Normal,7.84369,8.624589,10.533727,7.411824,7.234692,8.247755,8.776556
GSM1539442_con,Normal,8.417134,8.869747,10.34092,7.351038,7.252584,8.096247,8.783889
GSM1539443_con,Normal,8.190684,8.628099,10.541753,7.134999,7.380118,7.95278,8.851123
GSM1539444_con,Normal,7.950343,8.468526,10.852207,7.467048,7.207239,7.759506,8.730743
GSM1539445_con,Normal,7.692622,8.838329,10.880807,7.681905,7.300664,8.610667,8.696931
GSM1539446_con,Normal,8.26521,8.313539,10.646457,7.414448,7.36717,8.553924,8.840742
GSM1539447_con,Normal,8.658836,9.201932,10.088443,7.260847,7.354328,7.84345,8.625563
GSM1539448_con,Normal,8.271846,8.820059,10.562634,7.373644,7.32027,7.961985,8.696094
GSM1539449_con,Normal,8.225767,8.613645,10.379058,7.318737,7.334919,8.212649,8.663649
GSM1539450_con,Normal,8.712355,8.901229,10.744027,7.489853,7.363947,8.253876,8.544584
GSM1539451_con,Normal,8.37633,8.772838,10.493916,7.350447,7.286004,7.909871,8.642885
GSM1539452_con,Normal,8.188037,8.839044,10.789703,7.164353,7.368576,8.018183,8.63768
GSM1539453_con,Normal,8.167385,8.48868,10.749181,7.397146,7.332972,8.519849,8.827715
GSM1539454_con,Normal,7.959987,8.464098,10.565203,7.357396,7.25223,8.135289,8.805241
GSM1539455_con,Normal,8.161236,8.623934,11.211465,7.369132,7.383238,8.017567,8.660987
GSM1539456_con,Normal,7.984754,8.515501,11.047464,7.502845,7.313529,8.862435,8.898582
GSM1539457_con,Normal,7.984754,8.48868,10.34525,7.435772,7.387368,8.33653,8.874374
GSM1539458_con,Normal,8.420513,8.703715,10.53111,7.341072,7.271305,8.403524,8.699518
GSM1539459_con,Normal,8.153322,8.429146,10.633088,7.44228,7.24075,8.479869,8.816427
GSM1539460_con,Normal,8.174966,8.648621,10.947854,7.192311,7.070508,7.668319,8.68389
GSM1539461_con,Normal,8.498025,8.788669,10.419025,7.331573,7.351802,7.844626,8.513204
GSM1539462_con,Normal,8.132726,8.610824,10.751882,7.145759,7.32103,7.936029,8.612014
GSM1539463_con,Normal,8.272372,8.747106,10.94157,7.249965,7.276585,8.086244,8.631593
GSM1539464_con,Normal,7.925865,8.526902,10.854812,7.584929,7.194323,8.28318,8.808873
GSM1539465_con,Normal,8.16081,8.859338,10.450196,7.309328,7.378497,8.219355,8.466661
GSM1539466_con,Normal,8.156832,8.671903,10.242228,7.365181,7.465725,8.645494,8.499564
GSM1539467_con,Normal,8.488151,8.974116,10.19209,7.27824,7.221894,8.364375,8.62643
GSM1539468_con,Normal,8.555728,9.104748,10.789703,7.195087,7.492629,7.80746,8.39033
GSM1539469_con,Normal,8.39699,8.696046,10.278244,7.223831,7.297057,8.447061,8.588868
GSM1539470_con,Normal,7.888056,8.595163,11.368436,7.068063,7.421604,8.02863,8.615542
GSM1539471_con,Normal,8.628396,8.986124,10.15045,7.320451,7.159132,8.285461,8.466661
GSM1539472_con,Normal,8.520888,8.953707,10.462141,7.312163,7.321398,8.173253,8.542291
GSM1539473_con,Normal,7.715271,8.624589,10.771085,7.716871,7.14479,8.452511,8.903574
GSM1539474_con,Normal,8.342006,8.623263,10.508601,7.282385,7.23963,8.007346,8.708525
GSM1539475_con,Normal,7.823511,8.436904,10.664508,7.495113,7.109602,8.436953,8.767276
GSM1539476_con,Normal,7.98056,8.433305,10.857621,7.390744,7.342603,8.227356,8.785713
GSM1539477_con,Normal,8.409214,8.695339,9.850626,7.113064,7.291587,8.318798,8.425006
GSM1539478_con,Normal,8.172723,8.698818,10.920878,7.538507,7.084386,8.017567,9.03796
GSM1539479_con,Normal,8.073535,8.489266,10.797948,7.403687,7.280301,8.259243,8.716318
GSM1539480_con,Normal,8.493927,9.123856,9.7525,7.196923,7.172384,8.797411,8.592217
GSM1539481_con,Normal,8.289695,8.348669,10.397686,7.312313,7.344552,8.565576,8.704992
GSM1539482_con,Normal,8.649003,8.96002,10.498635,7.179926,7.318554,8.284719,8.490031
GSM1539483_con,Normal,7.678212,8.864867,10.757568,7.490409,7.388605,7.712173,8.746281
GSM1539484_con,Normal,7.940793,8.721139,11.073993,7.559811,7.231491,7.920147,8.913341
GSM1539485_con,Normal,8.343081,8.66481,10.852207,7.427054,7.378497,8.432556,8.74439
GSM1539486_con,Normal,8.525748,8.558588,10.498635,7.4342,7.491911,8.463225,8.757131
GSM1539487_con,Normal,8.275853,8.922346,10.565203,7.454165,7.25631,7.97893,8.510882
GSM1539488_con,Normal,7.933633,8.733079,10.869109,7.415586,7.229474,7.816517,8.713689
GSM1539489_con,Normal,8.348936,8.634982,10.513512,7.58047,7.265612,7.710679,8.629041
GSM1539490_con,Normal,8.204004,8.612271,10.669528,7.411012,7.22225,8.471644,8.878178
GSM1539491_con,Normal,7.737521,8.30963,10.565203,7.279361,7.038331,8.478972,8.874374
GSM1539492_con,Normal,8.145119,8.641128,10.722282,7.399122,7.318353,8.120265,8.785713
GSM1539493_con,Normal,8.359006,8.951015,11.582095,7.189012,7.494351,7.661138,8.48776
GSM1539494_con,Normal,7.847682,8.942275,10.795144,7.418764,7.273608,8.084931,8.68389
GSM1539495_con,Normal,8.155564,9.279288,10.435841,7.263638,7.236981,7.814335,8.575066
GSM1539496_con,Normal,8.108358,8.483556,10.612281,7.639977,7.091541,7.972109,8.894722
GSM1539497_con,Normal,8.199867,8.952792,10.866187,7.450652,7.42419,8.145149,8.80615
GSM1539498_con,Normal,8.542787,8.92146,11.17488,7.412968,7.388605,8.529581,8.479141
GSM1539499_con,Normal,8.152914,8.913016,10.383693,7.383429,7.425046,8.097571,8.602942
GSM1539500_con,Normal,8.230875,8.558588,10.536402,7.414141,7.510071,7.846896,8.604607
GSM1539501_con,Normal,8.257527,8.917203,10.938304,7.268674,7.369776,7.594827,8.618811
GSM1539502_con,Normal,8.64508,8.851298,9.673074,7.417881,7.329345,8.531605,8.453392
GSM1539503_con,Normal,8.063464,8.760514,10.687445,7.602214,7.297588,7.972755,8.743502
GSM1539504_con,Normal,8.072265,8.545572,10.643845,7.463324,7.368,8.222848,8.807878
GSM1539505_con,Normal,8.341449,8.908921,10.698124,7.356236,7.44644,8.234805,8.585605
GSM1539506_con,Normal,7.869968,8.752901,10.889075,7.428556,7.393555,8.18059,8.817404
GSM1539507_con,Normal,8.342006,8.861714,10.664508,7.228309,7.469353,8.111888,8.53844
GSM1539508_con,Normal,8.579142,9.172821,9.972643,7.418598,7.22441,8.364375,8.543772
GSM1539509_con,Normal,7.970369,8.904642,10.554697,7.551364,7.176344,8.382094,8.864699
GSM1539510_con,Normal,7.938268,8.605292,10.926586,7.305905,7.382416,7.77699,8.793309
GSM1539552_con,Normal,7.964788,8.509517,10.479203,7.474066,7.146238,8.344598,8.780195
GSM1539553_con,Normal,7.914849,8.855333,11.027909,7.51601,7.207554,7.712173,8.650521
GSM1539555_con,Normal,8.333693,8.961681,10.234201,7.221437,7.233025,8.299057,8.332853
GSM1539569_con,Normal,8.660946,9.024697,10.211766,7.419581,7.331219,7.897077,8.791345
GSM1539573_con,Normal,8.349465,8.512851,11.171321,7.450473,7.227699,8.073509,8.844574
GSM1539578_con,Normal,8.544636,8.760514,10.965315,7.159053,7.4257,7.792343,8.553786
GSM1539580_con,Normal,8.245515,8.274953,10.612281,7.175625,7.466593,8.112599,8.563184
GSM1539585_con,Normal,8.492209,8.978712,10.597505,7.421392,7.358628,8.182032,8.556195
GSM1539588_con,Normal,7.851735,8.637633,10.602307,7.06186,7.258202,8.083629,8.714526
GSM1539595_con,Normal,8.583405,9.266912,10.070786,7.358503,7.304287,8.244785,8.316221
GSM1539596_con,Normal,7.863494,8.581134,10.288842,7.074529,7.313354,8.184302,8.468912
GSM1539597_con,Normal,8.886742,8.679696,10.099382,7.275206,7.45043,8.415737,8.470389
GSM1539600_con,Normal,8.240241,8.658942,10.452591,7.411337,7.304478,7.9165,8.678696
GSM1539601_con,Normal,8.061454,9.116811,10.825477,7.513684,7.26203,7.80746,8.553786
GSM1539603_con,Normal,7.870313,8.892079,10.757568,7.389,7.2878,7.772066,8.509328
GSM1539605_con,Normal,8.243577,8.48424,10.757568,7.70584,7.173293,8.035081,8.948908
GSM1539607_con,Normal,8.013518,8.454207,10.474261,7.393557,7.497194,8.201523,8.756268
GSM1539615_con,Normal,7.453069,8.920618,11.264297,7.467434,7.168002,7.617645,8.728955
GSM1539617_con,Normal,8.348391,8.554113,10.565203,7.423554,7.535701,8.163259,8.804335
GSM1539621_con,Normal,7.94667,8.620527,10.872215,7.357616,7.207395,7.991454,8.602942
GSM1539649_con,Normal,8.037061,8.760514,10.516129,7.340313,7.349629,8.014943,8.731636
GSM1539651_con,Normal,8.081608,9.014676,10.746687,7.301399,7.395278,8.338129,8.633318
GSM1539652_con,Normal,8.089731,8.995036,11.139056,7.518168,7.357665,8.131231,8.828637
GSM1539653_con,Normal,7.996886,8.748554,11.11777,7.342887,7.219765,8.049425,8.787551
GSM1539655_con,Normal,8.049484,9.072038,10.98365,7.40059,7.3284,7.814877,8.702286
GSM1539664_con,Normal,7.93578,8.656815,10.94502,7.373337,7.210893,8.084931,8.781138
GSM1539668_con,Normal,8.061454,8.520566,10.609807,7.332874,7.132934,8.377003,8.775628
GSM1539670_con,Normal,8.222441,8.939606,10.390722,7.254478,7.191462,7.957145,8.575066
GSM1539671_con,Normal,8.45001,8.647262,10.709074,7.21381,7.404298,8.218648,8.585605
GSM1539677_con,Normal,8.440826,8.681792,10.224026,7.421875,7.375451,8.004795,8.501052
GSM1539685_con,Normal,7.853685,8.420112,10.877988,7.548768,7.110591,7.796228,8.948908
GSM1539686_con,Normal,8.22898,8.900326,10.72775,7.513285,7.307075,7.774278,8.599626
GSM1539694_con,Normal,8.2346,8.690249,10.435841,7.391911,7.130339,8.394052,8.771958
GSM1539696_con,Normal,7.945866,8.794128,10.915111,7.086408,7.386369,7.736499,8.48776
GSM1539699_con,Normal,7.920185,8.627377,11.125087,7.413481,7.332008,7.918286,8.764543
GSM1539702_con,Normal,8.072704,8.856184,10.738885,7.3612,7.256148,8.090268,8.800732
GSM1539704_con,Normal,8.74657,9.068159,9.893676,7.177708,7.294312,8.894122,8.479141
GSM1539706_con,Normal,8.201748,8.742734,10.565203,7.533543,7.327425,7.926264,8.597189
GSM1539707_con,Normal,7.731371,8.751408,10.617378,7.296663,7.200288,7.950909,8.759984
GSM1539709_con,Normal,7.80029,8.863351,11.248896,7.383429,7.256656,7.625119,8.784737
GSM1539710_con,Normal,8.194289,8.31694,10.250475,7.355926,7.451547,8.506501,8.706786
GSM1539711_con,Normal,8.599734,9.067184,10.063777,7.26139,7.264089,8.530651,8.598832
GSM1539712_con,Normal,8.375224,8.812115,10.854812,7.214934,7.437458,7.831924,8.365943
GSM1539714_con,Normal,7.903744,8.604036,10.646457,7.423866,7.327631,8.011703,8.777462
GSM1539715_con,Normal,7.973297,8.806611,10.622208,7.334745,7.279768,7.73024,8.686581
GSM1539716_con,Normal,8.603576,8.916407,10.020206,7.310319,7.151677,8.051336,8.64543
GSM1539731_con,Normal,7.98321,8.324231,10.996407,7.581526,7.177092,8.025344,9.033437
GSM1539738_con,Normal,8.025458,8.411752,10.635608,7.378209,7.315753,8.481787,8.738156
GSM1539740_con,Normal,8.725796,8.828782,10.836189,7.388347,7.311892,8.085574,8.429012
GSM1539745_con,Normal,8.223853,8.849576,11.064106,7.221437,7.340416,7.852115,8.661833
GSM1539754_con,Normal,8.071861,8.722548,10.765703,7.352728,7.296312,8.031791,8.786629
GSM1539757_con,Normal,8.388953,8.887114,10.736036,7.479306,7.498849,8.19776,8.318674
GSM1539758_con,Normal,8.218793,8.442925,10.518593,7.256457,7.304826,8.173984,8.81075
GSM1539759_con,Normal,8.077627,8.56251,11.16786,7.201872,7.371594,7.908073,8.567725
GSM1539762_con,Normal,8.401351,8.53006,11.087375,7.394846,7.333167,8.457928,8.859977
GSM1539764_con,Normal,8.658836,8.673343,10.349859,7.311742,7.317631,8.3325,8.549977
GSM1539770_con,Normal,8.174966,8.807334,10.709074,7.41331,7.403229,8.083018,8.704992
GSM1539775_con,Normal,8.122663,8.800423,10.232142,7.340765,7.303749,8.327682,8.591382
GSM1539779_con,Normal,8.78193,8.965233,10.327596,7.311886,7.342389,7.946631,8.433228
GSM1539781_con,Normal,8.140787,8.711567,10.894754,7.268804,7.332781,8.033729,8.601336
GSM1539795_con,Normal,7.881781,8.856184,11.240969,7.235149,7.400696,7.987011,8.762637
GSM1539796_con,Normal,8.090516,8.816018,10.425962,7.661748,7.412625,7.753527,8.648808
GSM1539679_con,Normal,7.98022,9.179245,10.956543,7.27397,7.430015,8.119558,8.560887
GSM1539186_treat,Tumor,8.199908,9.004259,10.392166,7.471376,7.364955,8.003205,8.698937
GSM1539187_treat,Tumor,7.859214,8.386088,11.088831,7.377136,7.20552,8.064944,8.742556
GSM1539188_treat,Tumor,7.98961,8.545412,10.927157,7.25729,7.301101,8.321768,8.700138
GSM1539189_treat,Tumor,7.931451,8.403313,11.30222,7.237961,7.464541,8.351397,8.57699
GSM1539190_treat,Tumor,7.628862,8.738001,11.371294,7.387,7.373785,7.984606,8.917493
GSM1539191_treat,Tumor,8.508589,8.919022,10.855567,7.386044,7.288594,7.851878,8.551425
GSM1539192_treat,Tumor,7.754732,8.815922,10.782587,7.424222,7.345336,7.744886,8.684388
GSM1539193_treat,Tumor,7.945443,8.705481,11.237347,7.469012,7.307066,7.934105,8.764282
GSM1539194_treat,Tumor,8.281559,8.460935,10.663601,7.359007,7.233103,8.282433,8.807611
GSM1539195_treat,Tumor,8.013212,8.680196,10.46388,7.333684,7.305609,8.192089,8.780722
GSM1539196_treat,Tumor,8.427978,8.812613,10.560793,7.237217,7.401084,7.673271,8.933433
GSM1539197_treat,Tumor,7.863697,8.575774,10.57565,7.291185,7.338935,8.410879,8.651838
GSM1539198_treat,Tumor,8.038153,8.657821,10.782587,7.431048,7.287201,8.388299,8.675737
GSM1539199_treat,Tumor,8.42919,8.850119,10.00465,6.976528,7.450784,8.092901,8.566241
GSM1539200_treat,Tumor,7.708884,8.394944,10.993887,7.341412,7.21395,8.652846,8.710006
GSM1539201_treat,Tumor,7.976007,8.770781,11.217468,7.550183,7.236617,7.853371,8.846869
GSM1539202_treat,Tumor,7.908136,8.516544,11.136455,7.455839,7.290819,8.044827,8.663892
GSM1539203_treat,Tumor,7.760349,8.912,11.666733,7.035044,7.416962,7.811119,8.357022
GSM1539204_treat,Tumor,7.912181,8.230203,10.922535,7.233138,7.293496,8.327319,8.672894
GSM1539205_treat,Tumor,7.988828,8.435834,10.498606,7.396091,7.344631,7.971815,8.745399
GSM1539206_treat,Tumor,8.029761,8.974383,10.706952,7.339193,7.330161,7.756867,8.638545
GSM1539207_treat,Tumor,8.115822,8.693763,11.032086,7.070149,7.438233,7.962975,8.452987
GSM1539208_treat,Tumor,8.246012,8.729631,10.667468,7.229821,7.330678,8.115835,8.468227
GSM1539209_treat,Tumor,7.909622,8.529057,10.679222,7.350069,7.417721,8.314224,8.712859
GSM1539210_treat,Tumor,8.188022,8.698159,10.967495,7.214938,7.404904,8.188092,8.690409
GSM1539211_treat,Tumor,7.639892,8.750337,10.874692,7.59378,7.2964,7.872686,8.772792
GSM1539212_treat,Tumor,8.33171,8.914675,10.643384,7.345952,7.327796,7.861878,8.658345
GSM1539213_treat,Tumor,7.988447,8.720492,10.480775,7.282602,7.287201,7.819664,8.726794
GSM1539214_treat,Tumor,8.016042,8.573237,10.723907,7.245206,7.437855,8.251566,8.515647
GSM1539215_treat,Tumor,8.192799,8.722818,9.443113,7.208388,7.190674,8.661516,8.545879
GSM1539216_treat,Tumor,8.63585,8.964741,10.090011,7.22647,7.175235,8.228772,8.483733
GSM1539217_treat,Tumor,8.033483,8.89073,10.957142,7.65638,7.398825,7.599639,8.952423
GSM1539218_treat,Tumor,7.901948,8.769943,10.293809,7.406986,7.341686,8.347086,8.69149
GSM1539219_treat,Tumor,8.559214,9.018982,10.420774,7.174556,7.371621,7.803108,8.332243
GSM1539220_treat,Tumor,7.885868,8.784318,10.999319,7.649729,7.367269,7.702206,8.782527
GSM1539221_treat,Tumor,8.068421,9.018006,10.683198,7.390619,7.476647,7.551413,8.707141
GSM1539222_treat,Tumor,8.20226,8.79886,10.937082,7.487759,7.253406,7.830589,8.730353
GSM1539223_treat,Tumor,8.674833,9.025062,9.942028,7.251456,7.658258,7.683906,8.332706
GSM1539224_treat,Tumor,8.072644,8.825893,10.967495,7.711187,7.386583,7.443818,8.730353
GSM1539225_treat,Tumor,8.148412,8.850119,10.769603,7.466909,7.095721,8.049199,8.800171
GSM1539226_treat,Tumor,8.795816,9.294434,10.20444,7.4293,7.462659,7.80528,8.416349
GSM1539227_treat,Tumor,8.160831,8.680921,10.778274,7.261141,7.304296,8.131449,8.836507
GSM1539228_treat,Tumor,7.987665,8.830911,10.957142,7.285787,7.326103,7.421568,8.698352
GSM1539229_treat,Tumor,8.109373,8.708411,11.142451,7.422957,7.345166,7.966852,8.708835
GSM1539230_treat,Tumor,8.107173,8.981931,10.753163,7.329508,7.402253,7.781917,8.610368
GSM1539231_treat,Tumor,7.991142,8.606928,10.663601,7.611704,7.487509,7.666638,8.81192
GSM1539232_treat,Tumor,7.773621,8.673829,10.999319,7.521188,7.355618,7.746722,8.803916
GSM1539233_treat,Tumor,8.092752,8.596109,10.773937,7.228333,7.327118,8.168154,8.545382
GSM1539234_treat,Tumor,7.814427,8.355488,10.977781,7.344958,7.145618,7.912958,8.804542
GSM1539235_treat,Tumor,8.265081,9.082148,10.307793,7.428292,7.651738,8.003837,8.778805
GSM1539236_treat,Tumor,8.136205,8.953426,11.21112,7.422192,7.286588,8.180693,8.697802
GSM1539237_treat,Tumor,7.973675,8.837592,11.161385,7.288293,7.309217,8.159195,8.469671
GSM1539238_treat,Tumor,7.742645,8.651401,10.583017,7.317539,7.438233,8.010851,8.563695
GSM1539239_treat,Tumor,8.156229,8.591471,10.782587,7.432316,7.354535,7.901322,8.655601
GSM1539240_treat,Tumor,7.747844,8.525836,10.791719,7.459249,7.347953,8.238513,8.586518
GSM1539241_treat,Tumor,7.850671,8.49162,10.942106,7.495554,7.209601,7.992023,8.73558
GSM1539242_treat,Tumor,7.976007,8.532774,11.043143,7.228698,7.331865,8.162174,8.619766
GSM1539243_treat,Tumor,7.837934,8.624427,10.605092,7.477742,7.187572,8.104686,8.734999
GSM1539244_treat,Tumor,7.661322,8.326228,11.161385,7.53833,7.126895,8.165807,8.81959
GSM1539245_treat,Tumor,8.552528,9.164827,10.307793,7.184448,7.553825,7.729458,8.305607
GSM1539246_treat,Tumor,8.312448,8.67745,10.94691,7.121935,7.403017,7.929977,8.606621
GSM1539247_treat,Tumor,7.908136,8.518298,10.433795,7.468757,7.168025,8.480435,8.781335
GSM1539248_treat,Tumor,8.169337,8.903763,10.927157,7.414643,7.204585,8.209527,8.556596
GSM1539249_treat,Tumor,8.491338,8.931465,10.457173,7.12929,7.237327,7.920997,8.366736
GSM1539250_treat,Tumor,8.135775,8.43987,10.732338,7.404804,7.180757,8.13249,8.725057
GSM1539251_treat,Tumor,8.471796,8.635476,10.952207,7.540139,7.280498,8.175102,8.709434
GSM1539252_treat,Tumor,8.126504,8.378916,10.477404,7.324526,7.354359,8.363584,8.726794
GSM1539253_treat,Tumor,8.344767,8.535838,10.447076,7.180302,7.287357,8.455827,8.469192
GSM1539254_treat,Tumor,8.109373,8.594797,10.357095,7.23948,7.226665,8.501,8.508197
GSM1539255_treat,Tumor,8.696822,8.661427,9.912914,7.137103,7.446414,8.731601,8.292719
GSM1539256_treat,Tumor,8.432234,8.837592,9.726962,7.131649,7.406586,8.825867,8.351832
GSM1539257_treat,Tumor,7.785278,8.741006,11.071314,7.313337,7.342034,7.840957,8.529808
GSM1539258_treat,Tumor,7.805233,8.448674,11.289128,7.507672,7.366911,8.255887,8.799567
GSM1539259_treat,Tumor,8.024889,8.672442,10.765617,7.386506,7.203893,8.63981,8.491095
GSM1539260_treat,Tumor,7.932178,8.428318,10.753163,7.301451,7.313167,8.458835,8.676829
GSM1539261_treat,Tumor,7.903368,8.338749,10.659569,7.461354,7.328465,8.527336,8.668981
GSM1539262_treat,Tumor,8.113062,8.520785,10.651336,7.232952,7.241628,8.370738,8.69724
GSM1539263_treat,Tumor,7.812433,8.602243,10.893599,7.586439,7.356131,7.851035,8.883189
GSM1539264_treat,Tumor,7.599117,8.53522,11.142451,7.494181,7.300597,8.000616,8.871456
GSM1539265_treat,Tumor,8.206649,9.074746,10.284895,7.325405,7.405261,7.950981,8.543817
GSM1539266_treat,Tumor,8.178525,8.681665,10.250296,7.597737,7.367269,8.020497,8.774562
GSM1539267_treat,Tumor,8.312448,9.337438,10.855567,7.486675,7.498897,7.772066,8.513136
GSM1539268_treat,Tumor,8.195651,9.022007,10.545639,7.518591,7.259806,7.889378,8.758306
GSM1539269_treat,Tumor,8.26866,8.703309,11.484231,7.497187,7.677412,8.042931,8.684955
GSM1539270_treat,Tumor,8.530231,8.938638,10.898621,7.470559,7.398825,7.767381,8.768474
GSM1539271_treat,Tumor,8.082816,8.853388,10.740661,7.302483,7.628717,7.658101,8.476944
GSM1539272_treat,Tumor,8.059204,8.761169,10.761508,7.461068,7.344453,7.876838,8.694977
GSM1539273_treat,Tumor,8.019255,8.949724,10.344457,7.241765,7.463489,8.019556,8.66787
GSM1539274_treat,Tumor,8.216172,8.765101,10.691192,7.632884,7.45814,8.08248,8.990999
GSM1539275_treat,Tumor,8.126948,8.889856,11.136455,7.265403,7.51137,7.65904,8.579716
GSM1539276_treat,Tumor,7.858559,8.649972,11.308958,7.679136,7.424088,7.656945,8.865683
GSM1539277_treat,Tumor,8.035152,8.548037,10.287896,7.237773,7.365119,7.738287,8.542854
GSM1539278_treat,Tumor,7.780895,8.515294,10.922535,7.278228,7.40378,7.803576,8.671833
GSM1539279_treat,Tumor,7.837271,8.510907,10.501995,7.650384,7.550473,8.171747,8.604471
GSM1539280_treat,Tumor,8.098902,8.406148,10.612823,7.369004,7.309854,8.222926,8.767275
GSM1539281_treat,Tumor,8.119824,8.808578,10.942106,7.465582,7.309217,7.960501,8.780722
GSM1539282_treat,Tumor,7.99396,8.685915,10.305015,7.386755,7.250627,8.347728,8.86114
GSM1539283_treat,Tumor,8.620856,9.13854,10.079523,7.568904,7.291447,8.051847,8.696128
GSM1539284_treat,Tumor,7.988064,8.811014,10.841481,7.319509,7.410752,7.981073,8.596
GSM1539285_treat,Tumor,8.048399,8.575774,10.836639,7.339404,7.3455,8.090124,8.675175
GSM1539286_treat,Tumor,8.094469,8.926097,10.874692,7.20283,7.387154,7.642074,8.297635
GSM1539287_treat,Tumor,8.266091,8.759616,10.983223,7.370172,7.367988,7.776849,8.7946
GSM1539288_treat,Tumor,8.301372,8.807727,10.850891,7.596523,7.393423,7.963581,8.732085
GSM1539289_treat,Tumor,8.586621,8.733435,9.343742,7.48523,7.426664,8.286219,8.775201
GSM1539290_treat,Tumor,8.285108,8.51773,10.284895,7.396596,7.217652,8.216222,8.865033
GSM1539291_treat,Tumor,7.987665,8.345607,11.026624,7.313539,7.324126,8.23051,8.703016
GSM1539292_treat,Tumor,7.746329,8.529706,11.185663,7.299406,7.266969,7.960501,8.597645
GSM1539293_treat,Tumor,8.041412,8.514679,11.026624,7.454021,7.323424,7.912004,8.530297
GSM1539294_treat,Tumor,8.206649,8.863514,10.450516,7.132267,7.416377,8.2136,8.344885
GSM1539295_treat,Tumor,7.970106,8.328949,11.106945,7.284778,7.402827,8.00691,8.803916
GSM1539296_treat,Tumor,7.820356,8.501581,10.498606,7.565282,7.282054,8.375936,8.866934
GSM1539297_treat,Tumor,7.533268,8.596771,11.060125,7.16911,7.242791,7.797897,8.760675
GSM1539298_treat,Tumor,8.003135,8.644542,10.702873,7.325203,7.295732,8.135611,8.86176
GSM1539299_treat,Tumor,8.155314,8.655648,11.037605,7.440508,7.207312,8.081758,8.692669
GSM1539300_treat,Tumor,8.183252,8.663689,10.457173,7.265026,7.275407,8.213308,8.463432
GSM1539301_treat,Tumor,8.123333,8.547373,10.773937,7.332142,7.327627,8.263957,8.598186
GSM1539302_treat,Tumor,8.024507,8.451511,10.711061,7.483616,7.310532,8.234958,8.738988
GSM1539303_treat,Tumor,7.700701,8.237264,10.983223,7.514915,7.246531,8.747267,8.8495
GSM1539304_treat,Tumor,7.984959,8.403912,11.112852,7.313953,7.233237,8.398818,8.658892
GSM1539305_treat,Tumor,8.254041,8.438707,11.04869,7.304343,7.264845,8.293714,8.631184
GSM1539306_treat,Tumor,7.851316,8.718258,11.071314,7.170125,7.255058,8.108208,8.489636
GSM1539307_treat,Tumor,7.968214,8.442248,10.917823,7.364509,7.251352,8.370042,8.665052
GSM1539308_treat,Tumor,8.479947,8.628584,9.967408,7.378753,7.256996,8.327642,8.433749
GSM1539309_treat,Tumor,8.561249,8.54098,10.450516,7.231704,7.180249,8.591143,8.500867
GSM1539310_treat,Tumor,8.006398,8.200652,10.691192,7.397081,7.324294,8.224947,8.778805
GSM1539311_treat,Tumor,8.674056,9.026955,10.307793,7.360379,7.316342,7.960909,8.601838
GSM1539312_treat,Tumor,7.771407,8.624427,10.757189,7.475626,7.608626,7.804661,8.930644
GSM1539313_treat,Tumor,7.820693,8.738748,11.507391,7.451467,7.461848,7.776423,8.787961
GSM1539314_treat,Tumor,8.285108,8.765944,10.748938,7.516326,7.375056,8.053029,8.879209
GSM1539315_treat,Tumor,8.242561,8.671056,10.846039,7.454546,7.376462,8.127604,8.665632
GSM1539316_treat,Tumor,8.114914,8.855033,11.161385,7.594096,7.340142,7.858306,9.017245
GSM1539317_treat,Tumor,7.920952,8.643822,10.922535,7.516595,7.233512,7.957519,8.798968
GSM1539318_treat,Tumor,7.392273,8.661427,11.476584,7.327334,7.360349,7.645682,8.75527
GSM1539319_treat,Tumor,7.879386,8.80202,11.198566,7.606394,7.331523,7.782519,8.833239
GSM1539320_treat,Tumor,8.337132,8.613014,10.663601,7.592551,7.526292,7.996783,8.740722
GSM1539321_treat,Tumor,7.909622,8.157462,11.112852,7.393512,7.200338,8.145332,8.783718
GSM1539322_treat,Tumor,8.100609,8.502167,10.850891,7.437424,7.335275,8.085182,8.707676
GSM1539323_treat,Tumor,7.94202,8.549286,10.827732,7.560188,7.351071,7.980223,8.821417
GSM1539324_treat,Tumor,7.898023,8.714449,9.978613,7.29077,7.316342,8.018209,8.584417
GSM1539325_treat,Tumor,7.787513,8.606279,10.635568,7.294884,7.246243,7.902981,8.867559
GSM1539326_treat,Tumor,8.056747,8.510907,10.675192,7.596208,7.258331,7.792664,8.883189
GSM1539327_treat,Tumor,7.848952,8.463186,10.855567,7.2674,7.449568,7.925729,8.602346
GSM1539328_treat,Tumor,7.592849,8.185223,10.809503,7.526679,7.279723,8.210114,8.959386
GSM1539329_treat,Tumor,7.728336,8.546059,11.371294,7.478516,7.286896,7.698485,8.846869
GSM1539330_treat,Tumor,7.871071,8.429506,10.765617,7.6183,7.235224,8.241453,8.825719
GSM1539080_treat,Tumor,8.000326,8.274352,10.850891,7.471644,7.24916,8.28935,8.748312
GSM1539081_treat,Tumor,7.967467,9.137537,10.922535,7.498587,7.196223,7.655212,8.579184
GSM1539082_treat,Tumor,8.005995,8.551209,10.279162,7.505175,7.299142,8.318436,8.761899
GSM1539083_treat,Tumor,7.816163,8.452092,10.898621,7.742642,7.243366,7.905527,8.84436
GSM1539084_treat,Tumor,7.780279,8.265054,10.962192,7.507107,7.083808,8.144816,8.869496
GSM1539085_treat,Tumor,7.793014,8.517153,10.865301,7.502657,7.310027,8.215035,8.961571
GSM1539086_treat,Tumor,8.101893,8.406681,10.818603,7.412396,7.397883,8.054208,9.020202
GSM1539087_treat,Tumor,7.954968,8.820929,10.983223,7.590722,7.379187,7.560657,8.86176
GSM1539088_treat,Tumor,8.021616,8.509017,10.796025,7.576739,7.340673,7.98504,8.876555
GSM1539089_treat,Tumor,8.046747,8.737227,10.024315,7.382515,7.302403,8.05875,8.700706
GSM1539090_treat,Tumor,7.950827,8.736499,10.865301,7.372729,7.196494,7.888291,8.733845
GSM1539091_treat,Tumor,8.228625,8.548677,10.695094,7.493918,7.31617,8.092368,8.772792
GSM1539092_treat,Tumor,8.31731,8.634064,10.932116,7.426247,7.355073,7.867057,8.545382
GSM1539093_treat,Tumor,8.674833,8.923426,10.232871,7.43281,7.171264,7.950401,8.641891
GSM1539094_treat,Tumor,8.085408,8.68947,10.609198,7.345616,7.304449,8.095731,8.571859
GSM1539095_treat,Tumor,7.987289,8.801238,10.264543,7.546762,7.293973,7.843271,8.883189
GSM1539096_treat,Tumor,8.273682,8.436978,10.913153,7.674312,7.378999,8.321768,8.825116
GSM1539097_treat,Tumor,8.173413,8.680196,10.235847,7.48879,7.281146,7.81142,8.912718
GSM1539098_treat,Tumor,8.239985,8.778687,10.765617,7.41791,7.391965,7.98504,8.549931
GSM1539099_treat,Tumor,8.008394,8.619047,10.972527,7.411644,7.38341,7.954915,8.754722
GSM1539100_treat,Tumor,7.637737,8.329973,11.237347,7.460322,7.300947,8.153252,8.717477
GSM1539101_treat,Tumor,8.220964,8.530942,10.401653,7.291796,7.36425,8.303992,8.494496
GSM1539102_treat,Tumor,7.960946,8.191953,10.827732,7.505447,7.348461,8.329602,8.910668
GSM1539103_treat,Tumor,8.031419,8.459141,10.385615,7.480382,7.46583,8.155679,8.7448
GSM1539104_treat,Tumor,7.657409,8.35757,10.836639,7.497465,7.232117,8.125308,8.834538
GSM1539105_treat,Tumor,7.884437,8.420367,10.470539,7.341652,7.231264,8.377011,8.865683
GSM1539106_treat,Tumor,7.839888,8.625118,11.032086,7.369004,7.400519,7.943557,8.938302
GSM1539107_treat,Tumor,7.965175,8.637515,10.597827,7.408675,7.291291,8.02816,8.748857
GSM1539108_treat,Tumor,7.862662,8.472095,10.773937,7.397081,7.350735,8.391725,8.688182
GSM1539109_treat,Tumor,7.974449,8.829297,11.112852,7.322363,7.431596,7.746293,8.786152
GSM1539110_treat,Tumor,7.843923,8.490391,10.967495,7.325822,7.402447,8.441702,8.693839
GSM1539111_treat,Tumor,7.925609,8.609664,10.647455,7.625582,7.3823,7.831098,8.8495
GSM1539112_treat,Tumor,8.404882,8.695987,10.683198,7.41616,7.252224,8.039241,8.586518
GSM1539113_treat,Tumor,8.375251,8.690164,9.899325,7.20731,7.365119,8.350024,8.280546
GSM1539114_treat,Tumor,7.717322,8.761169,11.572539,7.390109,7.458986,7.493031,8.86114
GSM1539115_treat,Tumor,7.953441,8.615625,10.187274,7.665609,7.426865,8.065686,8.933433
GSM1539116_treat,Tumor,7.70565,8.37136,10.917823,7.324313,7.196756,8.316512,8.623067
GSM1539117_treat,Tumor,7.90737,8.610359,10.695094,7.361969,7.309055,8.13405,8.624146
GSM1539118_treat,Tumor,8.30035,9.028997,10.48432,7.186034,7.434812,7.704005,8.778169
GSM1539368_treat,Tumor,7.922069,8.537789,10.81412,7.232952,7.192652,8.193183,8.480308
GSM1539369_treat,Tumor,7.750208,8.518298,10.865301,7.414407,7.231829,8.050626,8.725057
GSM1539370_treat,Tumor,8.019255,8.846007,10.769603,7.229821,7.262034,8.253392,8.572415
GSM1539371_treat,Tumor,7.789106,8.636146,11.060125,7.341412,7.24873,8.071477,8.721522
GSM1539372_treat,Tumor,7.664429,8.330554,10.977781,7.438973,7.325279,8.186656,8.773953
GSM1539373_treat,Tumor,7.917608,8.511548,10.999319,7.488265,7.213678,8.192089,8.870801
GSM1539374_treat,Tumor,8.102353,8.640226,10.643384,7.573164,7.253708,7.878242,8.535269
GSM1539375_treat,Tumor,7.747247,8.611716,10.643384,7.404804,7.325116,7.876493,8.745399
GSM1539376_treat,Tumor,7.914691,8.702554,10.706952,7.258434,7.27495,7.940458,8.714647
GSM1539377_treat,Tumor,7.876478,8.314131,10.523411,7.512703,7.403593,8.210387,8.892433
GSM1539378_treat,Tumor,8.201324,8.641618,10.594107,7.271366,7.269865,8.006468,8.54034
GSM1539379_treat,Tumor,8.330089,8.313126,10.447076,7.417159,7.272336,8.271613,8.729813
GSM1539380_treat,Tumor,7.879758,8.533412,10.913153,7.491523,7.307414,8.167868,8.743702
GSM1539381_treat,Tumor,8.197966,8.288091,10.48432,7.207847,7.35595,8.655093,8.48767
GSM1539382_treat,Tumor,7.911478,8.328949,10.632054,7.413167,7.185673,8.564293,8.813225
GSM1539383_treat,Tumor,8.025691,8.307479,11.010205,7.354427,7.266684,8.377681,8.750006
GSM1539384_treat,Tumor,8.085408,8.945105,10.683198,7.389865,7.387725,7.824244,8.656703
GSM1539385_treat,Tumor,8.2033,8.809409,10.869951,7.477742,7.32037,7.867405,8.775201
GSM1539386_treat,Tumor,8.175246,8.556375,10.893599,7.630004,7.433999,7.939687,8.752383
GSM1539387_treat,Tumor,8.052982,8.684522,11.148797,7.487493,7.31903,7.88688,8.747702
GSM1539388_treat,Tumor,7.947007,8.867963,11.378937,7.525221,7.315843,7.885412,8.918917
GSM1539389_treat,Tumor,8.659453,9.126551,10.138042,7.500222,7.393982,7.886705,8.582329
GSM1539390_treat,Tumor,8.021616,8.728795,10.495007,7.616334,7.21505,7.805726,8.712281
GSM1539391_treat,Tumor,7.663861,8.698921,11.344153,7.57946,7.363887,7.843271,8.859823
GSM1539392_treat,Tumor,8.091035,8.632676,10.765617,7.630941,7.479915,7.823428,8.835162
GSM1539393_treat,Tumor,8.077258,8.841725,11.275057,7.537445,7.500233,7.76551,8.706503
GSM1539394_treat,Tumor,7.668356,8.555716,11.469257,7.258434,7.422737,7.774314,8.616004
GSM1539395_treat,Tumor,8.13804,9.198117,10.273141,7.367098,7.391618,7.833239,8.603938
GSM1539396_treat,Tumor,8.035567,8.626513,11.155356,7.606394,7.453874,7.838259,8.731504
GSM1539397_treat,Tumor,7.829582,8.571991,10.748938,7.49233,7.478381,8.02095,8.907925
GSM1539398_treat,Tumor,7.867529,8.734981,10.571967,7.503206,7.333744,7.615882,8.828217
GSM1539399_treat,Tumor,8.06926,8.506486,10.398448,7.493371,7.28252,8.189818,8.830713
GSM1539400_treat,Tumor,7.689547,8.61769,10.855567,7.405029,7.238617,8.226129,8.688182
GSM1539401_treat,Tumor,7.896964,8.38162,10.388894,7.542481,7.38697,7.983972,8.879887
GSM1539402_treat,Tumor,8.155314,8.975354,10.643384,7.168599,7.462659,7.936399,8.682048
GSM1539403_treat,Tumor,7.817104,8.508413,11.523422,7.518887,7.276947,7.820471,8.823269
GSM1539404_treat,Tumor,8.392557,8.925236,10.671262,7.377136,7.445599,7.969202,8.6187
GSM1539405_treat,Tumor,7.917241,8.552507,10.549246,7.390109,7.215476,8.139312,8.845581
GSM1539406_treat,Tumor,8.292308,8.840961,10.605092,7.230013,7.246531,8.01466,8.807611
GSM1539407_treat,Tumor,7.725322,8.412862,10.787006,7.409893,7.356472,8.14037,8.916794
GSM1539408_treat,Tumor,8.031419,8.698159,11.322929,7.244834,7.357187,7.968159,8.697802
GSM1539511_treat,Tumor,7.816177,8.498781,11.248896,7.382005,7.242215,8.340545,8.954842
GSM1539512_treat,Tumor,8.554541,8.756732,9.983373,7.459299,7.258387,8.487937,8.564744
GSM1539513_treat,Tumor,7.995791,8.894549,11.207638,7.394498,7.331037,8.075469,8.702286
GSM1539514_treat,Tumor,8.485312,8.679073,10.592606,7.465214,7.316695,8.539328,8.702286
GSM1539515_treat,Tumor,7.623462,8.476637,10.968307,7.116504,7.455345,7.871928,8.667222
GSM1539516_treat,Tumor,8.697402,8.484881,10.167598,7.242538,7.3284,8.42654,8.514022
GSM1539517_treat,Tumor,7.755006,8.232924,10.486563,7.354407,7.378282,8.031791,8.649703
GSM1539518_treat,Tumor,7.69909,8.397425,10.86312,7.467974,7.34416,7.945396,8.791345
GSM1539519_treat,Tumor,7.555709,8.318058,11.444872,7.373807,7.538907,7.603214,8.623061
GSM1539520_treat,Tumor,8.283745,8.337777,10.822631,7.662673,7.389221,8.558829,8.797086
GSM1539521_treat,Tumor,7.686608,8.467887,10.435841,7.559191,7.289228,8.388161,9.021687
GSM1539522_treat,Tumor,7.826448,8.541099,10.83076,7.436304,7.37465,8.318798,8.985137
GSM1539523_treat,Tumor,7.952183,8.539751,10.800607,7.641782,7.257696,8.102138,8.879989
GSM1539524_treat,Tumor,8.02505,8.673343,11.146277,7.308213,7.227195,8.025344,8.801625
GSM1539525_treat,Tumor,8.069454,8.500802,10.98365,7.475171,7.392721,8.251567,8.648026
GSM1539526_treat,Tumor,7.853685,8.357498,10.89755,7.373337,7.412002,8.199215,8.746281
GSM1539527_treat,Tumor,8.299188,8.546853,10.196056,7.404014,7.390881,8.464138,8.644547
GSM1539528_treat,Tumor,8.102973,8.517403,10.657003,7.462885,7.24723,8.156227,8.861908
GSM1539529_treat,Tumor,8.302158,8.811309,10.956543,7.442612,7.119253,7.822183,8.640235
GSM1539530_treat,Tumor,7.926942,8.779467,11.21529,7.292744,7.505655,7.779184,8.507083
GSM1539531_treat,Tumor,7.899408,8.57655,10.386128,7.433533,7.399427,7.842898,8.706786
GSM1539532_treat,Tumor,8.688179,9.191071,10.053665,7.322463,7.257696,7.817625,8.378084
GSM1539533_treat,Tumor,8.298173,8.631517,10.828218,7.490792,7.188076,8.344598,8.854943
GSM1539534_treat,Tumor,8.155564,8.841385,10.754808,7.389,7.393555,8.267052,8.756268
GSM1539535_treat,Tumor,7.859764,8.893778,10.94502,7.32189,7.434193,8.020198,8.759984
GSM1539536_treat,Tumor,7.922323,8.429764,11.539531,7.314781,7.463655,7.933562,8.803448
GSM1539537_treat,Tumor,7.846694,9.157825,11.024712,7.41493,7.331037,8.041657,8.74533
GSM1539538_treat,Tumor,8.280256,8.612271,10.714585,7.320451,7.264089,8.234078,8.728955
GSM1539539_treat,Tumor,7.693479,8.460693,11.283834,7.56024,7.39754,7.802894,8.775628
GSM1539540_treat,Tumor,8.268812,8.408107,11.044009,7.539486,7.416261,8.407803,8.905492
GSM1539541_treat,Tumor,7.553056,8.158571,11.222715,7.148772,7.468176,7.670859,8.701389
GSM1539542_treat,Tumor,8.498025,8.327665,10.638283,7.268539,7.408146,7.883034,8.57665
GSM1539543_treat,Tumor,7.726813,8.429146,10.744027,7.405445,7.236498,8.155495,8.888789
GSM1539544_treat,Tumor,8.825335,9.176092,10.137416,7.436462,7.202037,8.54412,8.549977
GSM1539545_treat,Tumor,7.723755,8.699539,11.283834,7.529696,7.323256,8.255354,8.934759
GSM1539546_treat,Tumor,7.987778,8.55086,11.125087,7.391911,7.395278,8.147877,8.787551
GSM1539547_treat,Tumor,8.018545,8.651318,10.822631,7.524008,7.133794,7.813809,8.784737
GSM1539548_treat,Tumor,7.693479,8.517403,11.027909,7.438007,7.383649,7.766354,8.71914
GSM1539549_treat,Tumor,7.887723,8.641791,10.749181,7.442438,7.240586,8.228866,8.862821
GSM1539550_treat,Tumor,8.159505,8.601186,10.62492,7.423024,7.366377,8.267052,8.638525
GSM1539554_treat,Tumor,8.215981,8.743526,10.633088,7.532589,7.426118,8.005453,8.642072
GSM1539560_treat,Tumor,7.855726,9.043778,10.320969,7.349221,7.179413,8.531605,8.559266
GSM1539562_treat,Tumor,7.990427,8.650689,10.947854,7.453815,7.356127,8.06348,8.748075
GSM1539563_treat,Tumor,7.793235,8.429764,11.405593,7.481606,7.39148,7.918286,8.780195
GSM1539570_treat,Tumor,8.038229,8.762055,10.741387,7.248925,7.345733,8.146499,8.671676
GSM1539571_treat,Tumor,8.254616,9.066285,10.178706,7.398162,7.461188,7.74717,8.290633
GSM1539575_treat,Tumor,7.627153,8.454841,10.447832,7.420896,7.24158,8.272385,8.936745
GSM1539576_treat,Tumor,7.751044,8.918042,10.929581,7.334602,7.266459,7.68238,8.692559
GSM1539577_treat,Tumor,8.158582,8.732242,10.711919,7.384374,7.237132,7.858474,8.72728
GSM1539579_treat,Tumor,7.789015,8.289129,10.99972,7.394021,7.379912,7.998377,8.870602
GSM1539581_treat,Tumor,8.397539,8.616355,10.301575,7.297511,7.342389,8.111888,8.589704
GSM1539582_treat,Tumor,7.678526,8.643876,11.233865,7.483058,7.392504,7.557656,8.863752
GSM1539583_treat,Tumor,8.168249,8.76913,10.320969,7.416712,7.251889,7.774278,8.766354
GSM1539586_treat,Tumor,8.130243,8.983291,10.977538,7.241757,7.290662,8.250021,8.654939
GSM1539587_treat,Tumor,8.127297,8.415365,10.604815,7.401241,7.51483,7.704515,8.786629
GSM1539589_treat,Tumor,7.772974,8.617068,10.920878,7.330262,7.18561,7.690853,8.653137
GSM1539593_treat,Tumor,7.849366,8.484881,11.275913,7.556717,7.236325,8.168952,8.909261
GSM1539599_treat,Tumor,8.136059,8.564515,11.16786,7.46668,7.406243,7.628931,8.61291
GSM1539604_treat,Tumor,8.403613,8.928443,10.074498,7.212336,7.300294,8.551889,8.615542
GSM1539606_treat,Tumor,7.98321,8.732242,11.226555,7.090852,7.430463,7.614821,8.472673
GSM1539613_treat,Tumor,8.555728,8.978712,9.916243,7.349506,7.387754,8.270165,8.474101
GSM1539616_treat,Tumor,8.532404,8.427302,10.471832,7.615102,7.304478,8.515999,8.935768
GSM1539619_treat,Tumor,7.67228,8.110842,11.153671,7.389632,7.441805,7.74717,8.95189
GSM1539623_treat,Tumor,7.813235,8.745648,10.744027,7.437136,7.261861,8.199215,8.63768
GSM1539624_treat,Tumor,8.362207,9.0838,10.771085,7.053669,7.36717,7.823848,8.390972
GSM1539626_treat,Tumor,7.879125,8.747106,10.53111,7.405944,7.368576,8.221462,8.735334
GSM1539627_treat,Tumor,7.908188,8.8905,10.484139,7.457677,7.28977,8.05069,8.797086
GSM1539629_treat,Tumor,8.532967,8.625288,9.865772,7.448027,7.054136,8.549926,8.79977
GSM1539630_treat,Tumor,7.918439,8.496244,10.852207,7.409055,7.274507,8.061476,8.774704
GSM1539632_treat,Tumor,8.761139,8.835964,9.785193,7.450295,7.15812,8.649783,8.442765
GSM1539634_treat,Tumor,8.197156,8.496847,10.847102,7.277685,7.379514,8.167547,8.76915
GSM1539637_treat,Tumor,8.515501,8.968816,10.11162,7.396299,7.26906,8.380404,8.540741
GSM1539641_treat,Tumor,8.179042,8.796519,10.031773,7.465214,7.278355,8.059979,8.536005
GSM1539643_treat,Tumor,8.11843,8.644503,11.287579,7.212456,7.497427,7.935413,8.613777
GSM1539644_treat,Tumor,8.337824,8.530705,10.349859,7.237182,7.363947,8.068857,8.486215
GSM1539646_treat,Tumor,8.156832,8.292388,11.077297,7.452957,7.213109,8.150607,8.729884
GSM1539647_treat,Tumor,8.103812,8.424839,10.695485,7.481976,7.249398,7.569777,8.875281
GSM1539648_treat,Tumor,8.033564,8.733793,10.526164,7.452763,7.312426,8.21422,8.751742
GSM1539650_treat,Tumor,7.996886,8.864116,10.733267,7.511203,7.608859,8.05069,8.618811
GSM1539656_treat,Tumor,7.655628,8.474134,11.283834,7.50375,7.366968,7.989494,8.731636
GSM1539661_treat,Tumor,7.748257,8.855333,10.968307,7.390122,7.232715,7.987011,8.837095
GSM1539662_treat,Tumor,8.422712,8.71086,10.619706,7.375243,7.284374,8.062141,8.605397
GSM1539663_treat,Tumor,7.960369,8.389113,11.10061,7.384218,7.389426,7.883034,8.739014
GSM1539665_treat,Tumor,8.211813,8.984233,10.741387,7.344722,7.321576,8.014331,8.585605
GSM1539666_treat,Tumor,7.853041,8.493765,11.135766,7.233325,7.378077,8.055338,8.813717
GSM1539673_treat,Tumor,8.042922,8.248484,11.103943,7.546295,7.194639,8.267808,8.71914
GSM1539674_treat,Tumor,7.705665,8.912112,10.546909,7.25155,7.284028,7.750346,8.865606
GSM1539675_treat,Tumor,8.354148,8.952792,10.148535,7.432847,7.286187,8.031791,8.607072
GSM1539676_treat,Tumor,8.353652,9.012768,9.680262,7.458576,7.143619,8.678047,8.589704
GSM1539678_treat,Tumor,8.210405,8.757483,10.273927,7.446409,7.271139,8.101506,8.782944
GSM1539687_treat,Tumor,7.663014,8.621915,10.977538,7.263254,7.290232,7.570659,8.821208
GSM1539689_treat,Tumor,7.678212,8.259007,11.211465,7.413636,7.393555,8.168952,8.969401
GSM1539691_treat,Tumor,8.369807,8.856991,10.222034,7.351642,7.289944,8.150607,8.433897
GSM1539692_treat,Tumor,8.116376,8.573895,10.900497,7.459299,7.313529,8.19776,8.717224
GSM1539693_treat,Tumor,8.331117,8.535192,10.749181,7.432489,7.337371,7.97893,8.53216
GSM1539697_treat,Tumor,8.191575,8.365543,10.476711,7.28792,7.532443,8.211122,8.702286
GSM1539698_treat,Tumor,8.159505,8.526289,10.889075,7.445384,7.122078,7.940383,8.679546
GSM1539701_treat,Tumor,8.092205,8.806611,10.552094,7.32851,7.249054,7.990809,8.853016
GSM1539703_treat,Tumor,7.625152,8.733079,11.053992,7.637275,7.298884,7.877158,8.803448
GSM1539705_treat,Tumor,7.687885,8.461659,10.541753,7.504709,7.313529,8.378688,8.734445
GSM1539713_treat,Tumor,8.365541,8.720412,10.860233,7.263788,7.400479,8.129904,8.597189
GSM1539717_treat,Tumor,7.684166,8.259007,10.926586,7.608543,7.363947,8.050082,8.820247
GSM1539718_treat,Tumor,7.937938,8.867305,11.077297,7.152058,7.320076,8.006085,8.548396
GSM1539719_treat,Tumor,7.957746,8.588497,10.965315,7.290416,7.514358,8.052022,8.629843
GSM1539720_treat,Tumor,8.088129,8.404526,10.646457,7.322611,7.463227,7.874841,8.732527
GSM1539721_treat,Tumor,7.98022,8.506335,11.090923,7.55401,7.301023,7.834805,8.823054
GSM1539722_treat,Tumor,8.049882,8.250628,11.121236,7.051844,7.458466,7.885964,8.474101
GSM1539723_treat,Tumor,7.987013,8.815238,10.592606,7.415094,7.340229,7.988232,8.667222
GSM1539727_treat,Tumor,8.205851,8.643876,11.200922,7.338936,7.487965,7.852115,8.604607
GSM1539728_treat,Tumor,8.274327,8.857747,10.209666,7.293847,7.250531,8.083629,8.297602
GSM1539729_treat,Tumor,8.326465,8.813725,10.088443,7.357924,7.290321,8.394052,8.782944
GSM1539732_treat,Tumor,7.831976,8.853642,10.641013,7.079358,7.339461,7.772066,8.374918
GSM1539733_treat,Tumor,8.119276,8.813725,10.968307,7.528885,7.25683,7.834805,8.739951
GSM1539736_treat,Tumor,8.1876,8.897105,10.633088,7.433015,7.352208,8.09564,8.649703
GSM1539737_treat,Tumor,8.132315,8.57186,9.957165,7.128817,7.176641,8.342913,8.763593
GSM1539739_treat,Tumor,7.837662,8.507566,11.525932,7.523203,7.444633,7.820536,8.809835
GSM1539742_treat,Tumor,7.928353,8.32941,10.869109,7.214056,7.411564,7.973988,8.554576
GSM1539743_treat,Tumor,8.428339,8.783321,10.122471,7.392089,7.470991,8.309989,8.52836
GSM1539746_treat,Tumor,8.360058,8.51357,10.329942,7.320751,7.392925,8.683576,8.590514
GSM1539747_treat,Tumor,8.427157,8.704375,10.411869,7.646866,7.383649,8.025344,8.794368
GSM1539748_treat,Tumor,8.024664,8.96081,11.507939,7.122559,7.526178,7.615312,8.322351
GSM1539749_treat,Tumor,7.786236,8.442925,11.11777,7.440379,7.275533,7.779184,8.92459
GSM1539751_treat,Tumor,7.64761,8.347476,11.027909,7.404014,7.255474,8.166882,8.864699
GSM1539752_treat,Tumor,8.305157,9.02376,10.546909,7.200416,7.385939,7.877158,8.495093
GSM1539763_treat,Tumor,7.48024,8.231352,10.825477,7.585987,7.180322,7.912267,8.782944
GSM1539765_treat,Tumor,7.630575,8.409331,10.886403,7.54984,7.198525,7.907421,8.846439
GSM1539766_treat,Tumor,8.438506,8.848754,10.050392,7.362289,7.334531,8.606469,8.514022
GSM1539767_treat,Tumor,8.168249,8.376082,11.012357,7.285069,7.407303,8.236284,8.72545
GSM1539768_treat,Tumor,8.023939,8.579808,10.447832,7.326745,7.311892,7.800623,8.760872
GSM1539769_treat,Tumor,8.033564,8.641128,10.40958,7.355021,7.121794,8.016258,8.780195
GSM1539773_treat,Tumor,8.245515,8.990448,10.690159,7.155317,7.340819,8.166205,8.516333
GSM1539777_treat,Tumor,8.348391,8.854454,11.498644,7.370702,7.350207,7.91351,8.565465
GSM1539778_treat,Tumor,7.965163,8.712347,10.869109,7.490409,7.441409,8.030499,8.870602
GSM1539780_treat,Tumor,8.366052,8.767543,10.784372,7.323944,7.346321,8.280178,8.560887
GSM1539783_treat,Tumor,8.148177,8.571214,10.711919,7.448549,7.200288,8.353572,8.711951
GSM1539785_treat,Tumor,7.932547,8.363812,10.886403,7.415414,7.126126,8.171827,8.774704
GSM1539787_treat,Tumor,8.333693,8.790189,10.746687,7.516208,7.415,7.596685,8.828637
GSM1539788_treat,Tumor,8.279755,8.918042,10.026879,7.473039,7.296312,8.207304,8.520792
GSM1539794_treat,Tumor,8.099671,8.931869,10.974584,7.336697,7.433529,7.657764,8.506379
GSM1539660_treat,Tumor,8.247936,8.812115,10.288842,7.084507,7.375835,8.477117,8.412788
GSM1539695_treat,Tumor,7.939715,8.674776,10.692988,7.501121,7.278737,8.156938,8.821208
GSM1539750_treat,Tumor,8.39163,8.787162,10.190134,7.207113,7.394854,8.250822,8.595561
GSM1539409_treat,Tumor,7.982465,8.259531,10.498635,7.498067,7.362317,8.300673,8.963138
GSM1539410_treat,Tumor,7.773897,8.262052,10.847102,7.542505,7.273791,7.864891,8.963138
GSM1539411_treat,Tumor,8.214633,8.532026,10.54415,7.303359,7.247553,8.211837,8.72728
GSM1539412_treat,Tumor,8.02661,8.400291,11.002738,7.171092,7.37486,7.853254,8.750805
GSM1539413_treat,Tumor,7.904455,8.737601,10.91227,7.144363,7.491486,7.703513,8.560098
GSM1539414_treat,Tumor,7.974369,8.668338,10.754808,7.407723,7.211833,8.361019,8.62132
GSM1539415_treat,Tumor,8.568768,8.469783,10.381404,7.583891,7.215854,8.498967,8.64717
GSM1539416_treat,Tumor,8.138281,8.455428,10.597505,7.44228,7.303033,8.362691,8.72545
GSM1539417_treat,Tumor,8.236974,8.600523,10.240319,7.342728,7.363133,8.225109,8.823054
GSM1539418_treat,Tumor,8.447697,8.861714,10.26547,7.276435,7.367567,8.533543,8.563915
GSM1539419_treat,Tumor,7.609636,8.140453,11.040818,7.670262,7.277117,7.903141,8.783889
GSM1539420_treat,Tumor,7.69909,8.601186,10.779135,7.623436,7.416673,7.826159,8.81075
GSM1539421_treat,Tumor,7.853041,8.368989,10.762855,7.510449,7.215854,8.224407,8.942917
GSM1539422_treat,Tumor,8.314292,9.070207,10.687445,7.42337,7.305172,7.942246,8.724478
GSM1539423_treat,Tumor,8.170997,9.060429,10.627687,7.325303,7.308766,8.293445,8.583975
GSM1539424_treat,Tumor,7.809275,8.548869,10.518593,7.288888,7.305364,8.136702,8.611229
GSM1539425_treat,Tumor,7.806997,8.797318,11.28013,7.612908,7.14812,7.879448,8.783889
GSM1539426_treat,Tumor,8.165162,8.454207,9.913079,7.165022,7.431136,7.728655,8.335888
GSM1539427_treat,Tumor,7.876743,8.477845,10.98365,7.458231,7.291426,8.061476,8.803448
GSM1539428_treat,Tumor,7.912035,8.719729,10.72775,7.502063,7.334168,7.788662,8.74439
GSM1539429_treat,Tumor,8.258937,8.471011,10.627687,7.324996,7.27908,8.211837,8.829613
GSM1539430_treat,Tumor,7.659477,8.320275,11.423133,7.569945,7.490997,7.768239,8.896616
GSM1539431_treat,Tumor,8.059819,8.897898,9.909949,7.379293,7.334349,7.784731,8.657562
GSM1539432_treat,Tumor,8.223853,8.554761,10.604815,7.337573,7.541549,8.274795,8.669885
GSM1539433_treat,Tumor,7.954435,8.746425,10.749181,7.430769,7.429331,7.819399,8.604607
GSM1539434_treat,Tumor,7.791326,8.446014,10.717076,7.533543,7.354912,7.954105,8.879989
GSM1539435_treat,Tumor,8.250754,8.892079,10.269758,7.336996,7.394629,7.890024,8.7209
GSM1539436_treat,Tumor,8.316846,8.414208,10.917804,7.295512,7.37686,7.856677,8.563915
GSM1539437_treat,Tumor,8.031715,8.811309,10.194078,7.347113,7.29778,8.514096,8.655837
GSM1539438_treat,Tumor,7.655893,8.674049,11.252732,7.598582,7.192083,7.680853,8.860942
GSM1539551_treat,Tumor,7.774211,8.439848,10.744027,7.42874,7.181544,7.7418,8.890821
GSM1539556_treat,Tumor,8.339383,8.880602,10.771085,6.979284,7.39568,7.565713,8.617946
GSM1539557_treat,Tumor,8.064633,8.510896,10.554697,7.359976,7.249551,8.327682,8.759984
GSM1539558_treat,Tumor,8.351007,8.55086,10.156179,7.449944,7.348249,8.334056,8.716318
GSM1539559_treat,Tumor,8.261839,8.622598,10.797948,7.414755,7.366159,8.182759,8.728955
GSM1539561_treat,Tumor,8.571807,8.805847,10.582759,7.176291,7.371785,7.705013,8.398169
GSM1539564_treat,Tumor,7.855376,8.522426,10.395572,7.247118,7.378698,7.793459,8.517713
GSM1539565_treat,Tumor,7.528445,8.774334,11.275913,7.272204,7.160294,7.686355,8.965278
GSM1539566_treat,Tumor,8.232289,8.302934,10.674596,7.390744,7.330657,8.284719,8.688301
GSM1539567_treat,Tumor,7.945119,8.734503,10.909204,7.638192,7.312794,7.821651,8.840742
GSM1539568_treat,Tumor,8.32331,8.940525,10.34525,7.438184,7.331219,8.20592,8.560098
GSM1539572_treat,Tumor,7.783108,8.631517,10.510954,7.474813,7.324184,8.002283,8.759012
GSM1539574_treat,Tumor,7.857726,8.243259,11.097413,7.362443,7.441603,7.610619,8.646262
GSM1539584_treat,Tumor,7.778647,8.489266,10.98365,7.520131,7.18959,8.33573,8.938767
GSM1539590_treat,Tumor,7.956679,8.499428,10.800607,7.516616,7.547279,8.313106,8.910227
GSM1539591_treat,Tumor,8.187149,8.794128,10.722282,7.500558,7.304916,7.94722,8.68389
GSM1539592_treat,Tumor,8.006424,8.563849,10.909204,7.409055,7.242881,7.808077,8.79977
GSM1539594_treat,Tumor,8.073535,8.866549,10.641013,7.473557,7.236819,8.057339,8.768199
GSM1539598_treat,Tumor,8.053404,8.632204,10.250475,7.427397,7.155343,8.15332,8.707714
GSM1539602_treat,Tumor,7.936833,8.685952,10.932456,7.20724,7.379703,7.674833,8.821208
GSM1539608_treat,Tumor,8.038563,8.913873,10.421427,7.223207,7.423148,7.419054,8.33103
GSM1539609_treat,Tumor,7.963626,8.664038,10.749181,7.400271,7.278737,7.952151,8.629843
GSM1539610_treat,Tumor,8.015859,9.05637,10.806207,7.456782,7.150511,8.109033,8.798893
GSM1539611_treat,Tumor,8.319807,8.800423,10.838863,7.371021,7.300475,7.950245,8.689217
GSM1539612_treat,Tumor,8.234107,8.509517,10.617378,7.441569,7.383448,7.986385,8.718164
GSM1539614_treat,Tumor,7.93147,8.474134,10.541753,7.199582,7.216322,7.991454,8.820247
GSM1539618_treat,Tumor,7.920185,8.511554,10.22014,7.220418,7.403861,8.340545,8.509328
GSM1539620_treat,Tumor,8.060198,8.983291,11.030957,7.536458,7.272167,8.102774,8.717224
GSM1539622_treat,Tumor,8.220668,9.026562,10.479203,7.357616,7.356908,7.858474,8.57665
GSM1539625_treat,Tumor,8.446633,8.872308,10.54415,7.38739,7.225718,8.144474,8.713689
GSM1539628_treat,Tumor,8.281238,9.035175,10.258815,7.096314,7.173825,8.473466,8.48256
GSM1539631_treat,Tumor,7.937577,8.619161,10.569985,7.38739,7.302301,7.904379,8.822126
GSM1539633_treat,Tumor,7.773897,8.464098,10.679842,7.422045,7.32027,8.290157,8.846439
GSM1539635_treat,Tumor,8.304148,8.867305,10.309986,7.341215,7.334349,8.246981,8.585605
GSM1539636_treat,Tumor,8.295174,8.523065,10.700734,7.413977,7.31406,7.975795,8.793309
GSM1539638_treat,Tumor,8.18441,8.532026,10.814348,7.235276,7.346536,7.739643,8.74721
GSM1539639_treat,Tumor,8.511279,8.973206,10.194078,7.256331,7.169685,7.931114,8.438659
GSM1539640_treat,Tumor,8.013518,8.790189,10.374399,7.567852,7.206919,8.219355,8.728127
GSM1539642_treat,Tumor,8.436313,9.095902,10.466897,7.243055,7.243221,8.035081,8.472673
GSM1539645_treat,Tumor,8.102973,8.517403,10.803376,7.218426,7.125848,7.764973,8.700421
GSM1539654_treat,Tumor,8.225767,8.693205,10.428197,7.476445,7.415206,8.389016,8.822126
GSM1539657_treat,Tumor,7.937197,8.614374,11.084089,7.396988,7.38386,8.06482,8.860942
GSM1539658_treat,Tumor,8.009433,8.468526,10.889075,7.288888,7.274315,8.391497,8.862821
GSM1539659_treat,Tumor,7.879443,8.409331,11.237391,7.383763,7.370417,7.814877,8.671676
GSM1539669_treat,Tumor,8.142553,9.092935,9.864323,7.32865,7.228359,8.004226,8.459643
GSM1539672_treat,Tumor,8.249326,8.421903,11.222715,7.293847,7.499064,7.80234,8.410132
GSM1539680_treat,Tumor,7.834567,8.813725,11.17488,7.370227,7.247553,8.171079,8.74439
GSM1539681_treat,Tumor,7.97696,8.501433,10.674596,7.539079,7.391879,7.762833,8.95189
GSM1539682_treat,Tumor,7.828342,8.685264,11.248896,7.428397,7.31875,8.020198,8.750805
GSM1539683_treat,Tumor,7.624871,8.784875,11.376708,7.702272,7.443973,7.901983,9.033437
GSM1539684_treat,Tumor,8.022387,8.778747,10.784372,7.48418,7.270795,7.771537,8.732527
GSM1539690_treat,Tumor,8.696717,9.012768,10.852207,7.525785,7.388386,8.279387,8.666365
GSM1539700_treat,Tumor,8.330047,8.61294,10.489066,7.499979,7.231728,8.038968,8.792325
GSM1539708_treat,Tumor,8.252267,8.581134,11.047464,7.532589,7.322682,7.925051,8.812765
GSM1539724_treat,Tumor,8.210892,8.858525,10.889075,7.162111,7.261124,7.910451,8.583975
GSM1539725_treat,Tumor,8.099231,8.799653,10.836189,7.508957,7.306303,8.175472,8.778346
GSM1539726_treat,Tumor,7.825493,8.578503,10.781683,7.448741,7.429552,7.839922,8.752662
GSM1539730_treat,Tumor,8.045225,8.758245,10.757568,7.234376,7.385528,7.770395,8.623061
GSM1539734_treat,Tumor,8.370345,8.839847,11.233865,7.443312,7.178952,7.936029,8.964234
GSM1539735_treat,Tumor,8.161655,8.902907,10.602307,7.431122,7.257696,8.110484,8.646262
GSM1539741_treat,Tumor,8.07313,8.868108,10.674596,7.610293,7.271139,8.131874,8.755372
GSM1539744_treat,Tumor,8.078775,8.260023,10.917804,7.621877,7.410517,8.013001,8.956871
GSM1539753_treat,Tumor,8.039378,8.610053,10.894754,7.405784,7.216988,7.898273,8.778346
GSM1539755_treat,Tumor,7.968836,8.651318,10.679842,7.343956,7.283106,8.06348,8.840742
GSM1539756_treat,Tumor,8.264714,8.876396,10.455041,7.26219,7.484925,8.259243,8.7209
GSM1539760_treat,Tumor,8.332688,8.553438,10.59991,7.628525,7.38386,8.234805,8.776556
GSM1539761_treat,Tumor,8.278261,8.835153,10.751882,7.680979,7.309676,8.08157,8.864699
GSM1539771_treat,Tumor,8.185341,8.995036,10.833588,7.422045,7.191768,7.942804,8.510882
GSM1539772_treat,Tumor,8.163444,8.732242,11.121236,7.007634,7.283285,7.861994,8.92459
GSM1539774_treat,Tumor,8.069877,8.313539,10.649117,7.326456,7.134368,8.484607,8.644547
GSM1539776_treat,Tumor,8.756837,9.068159,10.559995,7.459299,7.480379,8.0029,8.439952
GSM1539782_treat,Tumor,7.955966,8.80898,10.94157,7.07462,7.549754,7.565713,8.788532
GSM1539784_treat,Tumor,7.955168,8.544913,11.087375,7.36551,7.511487,8.415737,8.713689
GSM1539786_treat,Tumor,7.560414,8.380202,10.376694,7.481793,7.239132,8.053439,8.562415
GSM1539789_treat,Tumor,7.828697,8.335474,10.977538,7.39834,7.302123,8.251567,8.809835
GSM1539790_treat,Tumor,8.373044,8.845344,10.838863,7.386593,7.342194,8.211837,8.468912
GSM1539791_treat,Tumor,8.433458,8.816018,10.604815,7.215678,7.328787,7.950245,8.668998
GSM1539792_treat,Tumor,7.569536,8.293464,11.66026,7.598582,7.098593,7.87602,9.142969
GSM1539793_treat,Tumor,8.157695,8.570497,10.484139,7.422701,7.297979,8.106999,8.838887
GSM1539688_treat,Tumor,8.115083,8.975931,10.452591,7.378061,7.160294,7.903778,8.700421
